{"cameraMode":{"drawMode":0,"name":"Shaded","section":"Shading Mode"},"sceneLighting":false,"audioPlay":false,"sceneViewState":{"showFog":true,"showMaterialUpdate":true,"showSkybox":true,"showFlares":true,"showImageEffects":true,"showParticleSystems":true},"in2DMode":false,"pivot":{"x":346.5,"y":4.800000190734863,"z":117.9000015258789},"rotation":{"x":-0.5752195119857788,"y":-0.007363588083535433,"z":0.005177220329642296,"w":-0.8179495930671692},"size":22.863069534301759,"orthographic":false}