{"cameraMode":{"drawMode":0,"name":"Shaded","section":"Shading Mode"},"sceneLighting":true,"audioPlay":false,"sceneViewState":{"showFog":true,"showMaterialUpdate":true,"showSkybox":true,"showFlares":true,"showImageEffects":true,"showParticleSystems":true},"in2DMode":false,"pivot":{"x":93.11082458496094,"y":28.41860580444336,"z":410.68560791015627},"rotation":{"x":-0.6341214179992676,"y":0.013684076257050038,"z":-0.01122510526329279,"w":-0.7730308771133423},"size":16.27336311340332,"orthographic":false}