{"cameraMode":{"drawMode":0,"name":"Shaded","section":"Shading Mode"},"sceneLighting":false,"audioPlay":false,"sceneViewState":{"showFog":true,"showMaterialUpdate":true,"showSkybox":true,"showFlares":true,"showImageEffects":true,"showParticleSystems":true},"in2DMode":false,"pivot":{"x":65.34310913085938,"y":-1.2421289682388306,"z":414.294189453125},"rotation":{"x":-0.5199109315872192,"y":-0.019218388944864274,"z":0.011699934490025044,"w":-0.8539241552352905},"size":22.98236083984375,"orthographic":false}