{"cameraMode":{"drawMode":0,"name":"Shaded","section":"Shading Mode"},"sceneLighting":true,"audioPlay":false,"sceneViewState":{"showFog":true,"showMaterialUpdate":true,"showSkybox":true,"showFlares":true,"showImageEffects":true,"showParticleSystems":true},"in2DMode":false,"pivot":{"x":430.86151123046877,"y":2.956493377685547,"z":88.34989166259766},"rotation":{"x":-0.7179122567176819,"y":-0.013779639266431332,"z":0.014216525480151177,"w":-0.6958519816398621},"size":22.126190185546876,"orthographic":false}