{"cameraMode":{"drawMode":0,"name":"Shaded","section":"Shading Mode"},"sceneLighting":true,"audioPlay":false,"sceneViewState":{"showFog":true,"showMaterialUpdate":true,"showSkybox":true,"showFlares":true,"showImageEffects":true,"showParticleSystems":true},"in2DMode":false,"pivot":{"x":100.08528137207031,"y":30.601177215576173,"z":413.0748291015625},"rotation":{"x":-0.7179122567176819,"y":-0.013779639266431332,"z":0.014216525480151177,"w":-0.6958519816398621},"size":48.764434814453128,"orthographic":false}