{"cameraMode":{"drawMode":0,"name":"Shaded","section":"Shading Mode"},"sceneLighting":true,"audioPlay":false,"sceneViewState":{"showFog":true,"showMaterialUpdate":true,"showSkybox":true,"showFlares":true,"showImageEffects":true,"showParticleSystems":true},"in2DMode":false,"pivot":{"x":119.15560913085938,"y":18.17386245727539,"z":273.7999267578125},"rotation":{"x":-0.6752115488052368,"y":0.038442496210336688,"z":-0.0352780856192112,"w":-0.7357765436172485},"size":51.04640579223633,"orthographic":false}